first_name,last_name,email,phone_number,id_number,address,education,gender,skill,expirience
Kirk,Nussii,knussii0@google.com.hk,2434954437,42-6576480,PO Box 99913,Allama Iqbal Open University,Male,FPGA prototyping,Software Consultant
Emmalyn,Cromie,ecromie1@xrea.com,3963880759,42-0109336,PO Box 53466,University of Michigan - Dearborn,Female,Hospital Sales,Analog Circuit Design manager
Brena,Meecher,bmeecher2@npr.org,3119516537,49-9103903,Suite 13,Harbin University of Civil Engineering & Architecture,Female,SMO,Food Chemist
Lil,Edmondson,ledmondson3@g.co,4431628048,71-5834483,Apt 398,Ecole Nationale Supérieure de l'Aéronautique et de l'Espace,Female,Credit Risk,Senior Financial Analyst
Johan,Bosanko,jbosanko4@tinypic.com,3593008464,51-9938428,Apt 173,Dokuz Eylül University,Male,Strategic Human Resources Leadership,Safety Technician II
Olwen,Oddey,ooddey5@si.edu,4419538756,90-1507084,Room 1173,Dokkyo University,Female,Literature,Sales Representative
Erminie,Rraundl,erraundl6@reddit.com,2632958866,20-3881404,Apt 1567,Centro Universitário Barao de Maua,Female,InDesign,Chemical Engineer
Arlina,Edsall,aedsall7@photobucket.com,4954460419,11-3671129,Room 1629,Leeds Metropolitan University,Female,OData,Chief Design Engineer
Dianna,Meekings,dmeekings8@japanpost.jp,9545848530,72-7809050,Apt 186,Moscow State University M.V. Lomonosov,Female,Indoor Air Quality,VP Sales
Hetty,Rogge,hrogge9@creativecommons.org,3821702456,46-8270322,Apt 1780,Toho University,Female,LPAR,Statistician IV
